{
  "enabled": true,
  "context": "client",
  "identifier": "com.pa.liquius.planetgeneration",
  "display_name": "Better in-lobby planet generation",
  "build": "72332",
  "date": "2014/09/25",
  "description": "Adds more choice to in-lobby planet generation.",
  "category": [
        "UI",
        "Lobby",
        "Planet generation"
    ],
  "author": "Liquius",
  "version": "1",
  "signature": "(not yet implemented)",
  "forum": "https://forums.uberent.com/threads/wip-better-in-lobby-system-generation.64546/",
  "icon": "http://i.imgur.com/VwJ2Zdg.png",
  "priority": 100
}