{
  "enabled": true,
  "context": "client",
  "identifier": "com.pa.liquius.planetgeneration",
  "display_name": "Better in-lobby planet generation",
  "build": "72996",
  "date": "2014/09/30",
  "description": "Adds more choice to in-lobby planet generation.",
  "category": [
        "UI",
        "Lobby",
        "Planet generation"
    ],
  "author": "Liquius",
  "version": "3",
  "signature": "(not yet implemented)",
  "forum": "https://forums.uberent.com/threads/wip-better-in-lobby-system-generation.64546/",
  "priority": 100
}